id,RTC,AvgeSpeed,AvgeTemp,AvgeHum,AvgeSr
1,2023-10-18 13:47:43,0.87,0.06,0.39,0.69
2,2023-10-18 13:47:48,-0.38,-0.01,0.75,0.91
3,2023-10-18 13:47:53,0.2,0.13,0.73,0.87
4,2023-10-18 13:47:58,-0.27,-0.94,-0.59,0.95
5,2023-10-18 13:49:10,-0.74,0.87,-0.28,0.93
6,2023-10-18 13:49:15,-0.01,0.09,-0.44,-0.66
7,2023-10-18 13:49:20,-0.48,-0.67,0.32,0.78
8,2023-10-18 13:49:25,-0.61,0.44,-0.5,0.0
9,2023-10-18 13:49:30,-0.46,0.72,-0.69,-0.26
10,2023-10-18 13:49:35,0.24,0.18,-0.16,0.44
11,2023-10-18 13:49:40,-0.73,0.24,-0.88,-0.08
12,2023-10-18 13:49:45,0.77,0.28,-0.62,-0.1
13,2023-10-18 13:49:50,0.12,-0.87,-0.25,-0.15
14,2023-10-18 13:49:55,0.18,-0.72,-0.05,0.26
15,2023-10-18 13:50:00,0.7,-0.27,-0.51,0.12
16,2023-10-18 13:50:05,0.07,-0.02,0.58,0.11
17,2023-10-18 13:50:10,0.19,-0.21,-0.19,0.05
18,2023-10-18 13:50:15,-0.52,0.34,-0.75,0.71
19,2023-10-18 13:50:20,-0.25,0.83,0.12,0.88
20,2023-10-18 13:50:25,0.32,-0.73,0.56,0.49
21,2023-10-18 13:50:30,-0.29,-0.39,0.44,-0.25
22,2023-10-18 13:50:35,-0.26,0.19,-0.52,-0.47
23,2023-10-18 13:50:40,-0.36,-0.42,-0.22,0.07
24,2023-10-18 13:50:45,0.31,0.51,-0.26,0.1
25,2023-10-18 13:50:50,0.62,-0.38,-0.41,0.03
26,2023-10-18 13:50:55,-0.87,0.83,0.29,0.75
27,2023-10-18 13:51:00,0.66,0.81,0.87,-0.91
28,2023-10-18 13:51:05,0.93,-0.36,0.68,0.46
29,2023-10-18 13:51:10,0.04,0.65,1.0,-0.04
30,2023-10-18 13:51:15,-1.0,-0.32,-0.63,-0.69
31,2023-10-18 13:51:20,0.84,0.45,-0.01,0.08
32,2023-10-18 13:51:26,0.33,0.82,0.31,0.63
33,2023-10-18 13:51:31,0.02,-0.97,0.0,-0.91
34,2023-10-18 13:51:36,-0.21,-0.35,0.68,-0.68
35,2023-10-18 13:51:41,0.03,0.41,-0.86,-0.98
36,2023-10-18 13:51:46,0.39,0.06,-0.82,-0.44
37,2023-10-18 13:51:51,0.58,-0.65,0.26,0.6
38,2023-10-18 13:51:56,-0.97,0.15,-0.32,0.5
39,2023-10-18 13:52:01,-0.05,0.98,0.44,0.59
40,2023-10-18 13:52:06,-0.75,0.5,-0.32,0.92
41,2023-10-18 13:52:11,0.33,0.18,0.9,0.81
42,2023-10-18 13:52:16,-0.35,-0.74,0.48,-0.78
43,2023-10-18 13:52:21,0.98,0.66,-0.98,-0.23
44,2023-10-18 13:52:26,-0.82,0.92,-0.3,-0.96
45,2023-10-18 13:52:31,-0.07,0.23,0.44,-0.82
46,2023-10-18 13:52:36,-0.52,-0.78,0.77,-0.59
47,2023-10-18 13:52:41,0.5,-0.11,-0.51,-0.84
48,2023-10-18 13:52:46,-0.28,0.62,-0.89,-0.52
49,2023-10-18 13:52:51,0.44,-0.74,0.16,0.52
50,2023-10-18 13:52:56,-0.13,0.6,0.71,0.3
51,2023-10-18 13:53:01,0.43,0.34,-0.79,-0.42
52,2023-10-18 13:53:06,-0.37,0.93,-0.9,-0.32
53,2023-10-18 13:53:11,-0.87,0.11,-0.05,0.33
54,2023-10-18 13:53:16,0.55,-0.11,-0.77,-0.8
55,2023-10-18 13:53:21,-0.5,-0.04,-0.33,0.75
56,2023-10-18 13:53:26,0.28,0.96,0.27,-0.84
57,2023-10-18 13:53:31,0.71,0.73,-0.22,0.24
58,2023-10-18 13:53:36,0.6,-0.24,-0.6,0.76
59,2023-10-18 13:53:41,0.69,-0.49,-0.95,-0.65
60,2023-10-18 13:53:46,0.09,0.16,0.28,0.59
61,2023-10-18 13:53:51,-0.81,0.16,0.23,-0.79
62,2023-10-18 13:53:56,-0.2,0.87,0.46,-0.4
63,2023-10-18 13:54:01,-0.79,0.75,-0.5,0.38
64,2023-10-18 13:54:06,0.81,-0.72,-0.56,-0.57
65,2023-10-18 13:54:11,-0.02,0.25,-0.58,-0.54
66,2023-10-18 13:54:16,-0.31,-0.15,-0.18,0.95
67,2023-10-18 13:54:21,-0.74,0.91,-0.3,-0.13
68,2023-10-18 13:54:26,-0.21,-0.47,0.39,-0.63
69,2023-10-18 13:54:31,-0.91,-0.07,-0.62,-0.45
70,2023-10-18 13:54:36,0.51,-0.25,0.83,0.57
71,2023-10-18 13:54:41,-0.88,0.8,-0.27,0.27
72,2023-10-18 13:54:46,0.43,0.77,-0.81,0.83
73,2023-10-18 13:54:51,-0.42,0.78,0.08,0.54
74,2023-10-18 13:54:56,0.34,0.47,-0.77,-0.45
75,2023-10-18 13:55:01,-0.6,0.16,0.46,-0.38
76,2023-10-18 13:55:06,-0.85,0.03,-0.55,-0.83
77,2023-10-18 13:55:11,0.85,-0.52,-0.94,-0.31
78,2023-10-18 13:55:16,-0.85,-0.5,-0.34,-0.09
79,2023-10-18 13:55:21,-0.47,-0.83,-0.34,-0.04
80,2023-10-18 13:55:26,-0.12,0.35,-0.79,-0.08
81,2023-10-18 13:55:31,-0.79,0.17,0.87,-0.02
82,2023-10-18 13:55:36,-0.44,0.38,0.6,-1.0
83,2023-10-18 13:55:41,-0.06,-0.93,-0.41,1.0
84,2023-10-18 13:55:46,-1.0,-0.59,0.76,-0.79
85,2023-10-18 13:55:51,0.55,0.43,0.03,0.21
86,2023-10-18 13:55:56,-0.22,-0.42,0.32,-0.69
87,2023-10-18 13:56:01,0.74,0.27,0.71,0.96
88,2023-10-18 13:56:06,-0.84,-0.49,-0.8,0.19
89,2023-10-18 13:56:11,-0.36,0.18,0.28,-0.98
90,2023-10-18 13:56:16,0.78,-0.76,-0.47,-0.66
91,2023-10-18 13:56:21,-0.42,-0.21,-0.06,0.39
92,2023-10-18 13:56:26,-0.73,0.41,0.26,-0.53
93,2023-10-18 13:56:31,0.99,-0.54,0.98,0.93
94,2023-10-18 13:56:36,-0.01,0.65,0.3,0.72
95,2023-10-18 13:56:41,0.58,0.89,0.23,-0.68
96,2023-10-18 13:56:46,-0.47,-0.81,-0.76,0.76
97,2023-10-18 13:56:51,0.66,0.31,-0.75,-0.12
98,2023-10-18 13:56:56,0.22,0.98,-0.24,-0.32
99,2023-10-18 13:57:01,-0.44,0.87,0.1,-0.36
100,2023-10-18 13:57:06,0.64,0.99,0.35,-0.65
101,2023-10-18 13:57:11,0.94,0.7,-0.4,-0.24
102,2023-10-18 13:57:16,0.87,-0.85,-0.59,-0.05
103,2023-10-18 13:57:21,0.15,-0.16,-0.98,-0.06
104,2023-10-18 13:57:26,0.12,0.66,0.18,0.35
105,2023-10-18 13:57:31,0.47,-0.28,0.71,-0.99
106,2023-10-18 13:57:36,-0.51,0.21,0.67,-0.48
107,2023-10-18 13:57:41,-0.2,-0.64,0.57,-0.63
108,2023-10-18 13:57:46,-0.56,0.69,-0.64,0.94
109,2023-10-18 13:57:51,0.3,0.24,0.99,-0.97
110,2023-10-18 13:57:56,-0.76,-0.02,0.62,0.08
111,2023-10-18 13:58:01,0.45,0.73,0.33,-0.13
112,2023-10-18 13:58:06,0.03,-0.08,0.09,0.9
113,2023-10-18 13:58:11,-0.16,0.72,0.44,0.73
114,2023-10-18 13:58:16,-0.02,0.03,0.6,0.66
115,2023-10-18 13:58:21,-0.65,-0.09,0.38,0.99
116,2023-10-18 13:58:26,-0.24,-0.2,0.53,0.9
117,2023-10-18 13:58:31,0.41,-0.89,-0.74,0.03
118,2023-10-18 13:58:36,-0.39,-0.55,-0.96,0.18
119,2023-10-18 13:58:41,-0.43,-0.61,0.66,0.85
120,2023-10-18 13:58:46,-0.41,-0.38,0.1,-0.83
121,2023-10-18 13:58:51,-0.47,0.82,-0.02,0.89
122,2023-10-18 13:58:56,-0.64,-0.57,-0.93,0.53
123,2023-10-18 13:59:01,0.05,-0.55,-0.31,-0.99
124,2023-10-18 13:59:06,0.56,-0.52,-0.7,0.91
125,2023-10-18 13:59:11,0.63,-0.76,-0.26,-0.27
126,2023-10-18 13:59:16,-0.72,-0.02,-0.61,-0.53
127,2023-10-18 13:59:21,-0.5,0.68,-0.1,0.02
128,2023-10-18 13:59:26,-0.38,-0.75,-0.54,0.69
129,2023-10-18 13:59:31,0.67,-0.35,0.95,-0.39
130,2023-10-18 13:59:36,0.24,0.92,-0.71,0.93
131,2023-10-18 13:59:41,-0.91,0.4,0.39,-0.51
132,2023-10-18 13:59:46,-0.17,-0.73,-0.15,-0.01
133,2023-10-18 13:59:51,-0.72,0.69,-0.33,0.24
134,2023-10-18 13:59:56,-0.49,-0.2,0.29,-0.56
135,2023-10-18 14:00:01,-0.09,-0.58,-0.14,-0.22
136,2023-10-18 14:00:06,0.84,-0.03,-0.96,-0.15
137,2023-10-18 14:00:11,-0.76,0.6,-0.94,0.12
138,2023-10-18 14:00:16,-0.27,0.07,0.47,0.66
139,2023-10-18 14:00:21,-0.75,0.11,-0.16,-0.3
140,2023-10-18 14:00:26,-0.45,-0.4,-0.5,-0.24
141,2023-10-18 14:00:31,0.21,-0.34,0.98,-0.2
142,2023-10-18 14:00:36,0.38,0.0,0.03,-0.55
143,2023-10-18 14:00:41,0.82,-0.38,-0.64,0.0
144,2023-10-18 14:00:46,-0.48,0.75,-0.01,-0.7
145,2023-10-18 14:00:51,-0.1,0.69,-0.07,-0.54
146,2023-10-18 14:00:56,0.65,0.85,0.93,-0.09
147,2023-10-18 14:01:01,0.44,-0.58,-0.84,0.51
148,2023-10-18 14:01:06,-0.88,-0.66,0.43,0.96
149,2023-10-18 14:01:11,-0.14,0.1,-0.45,-0.13
150,2023-10-18 14:01:16,0.88,-0.23,-0.26,-0.28
151,2023-10-18 14:01:21,-0.22,-0.28,-0.68,-0.95
152,2023-10-18 14:01:26,-0.09,0.56,-0.76,0.64
153,2023-10-18 14:01:31,0.82,0.61,0.88,-0.87
154,2023-10-18 14:01:36,1.0,-0.51,-0.04,-0.44
155,2023-10-18 14:01:41,0.07,0.1,0.24,0.01
156,2023-10-18 14:01:46,-0.03,-0.98,0.07,0.53
157,2023-10-18 14:01:51,-0.7,0.39,0.27,0.08
158,2023-10-18 14:01:56,0.04,-0.96,-0.36,0.6
159,2023-10-18 14:02:01,0.31,-0.43,-0.55,0.36
160,2023-10-18 14:02:06,0.75,-0.02,-0.36,0.55
161,2023-10-18 14:02:11,0.9,-0.05,0.4,0.69
162,2023-10-18 14:02:16,0.26,-0.36,0.33,0.23
163,2023-10-18 14:02:21,-0.03,-0.37,-0.97,-0.89
164,2023-10-18 14:02:26,-0.96,0.31,0.07,0.69
165,2023-10-18 14:02:31,-0.44,-0.18,0.15,0.5
166,2023-10-18 14:02:36,-0.66,-0.67,-0.77,-0.07
167,2023-10-18 14:02:41,-0.5,-0.63,0.12,0.34
168,2023-10-18 14:02:46,-0.99,-0.24,0.77,0.01
169,2023-10-18 14:02:51,0.97,0.26,-0.37,-0.92
170,2023-10-18 14:02:56,-0.91,0.06,0.37,-0.03
171,2023-10-18 14:03:01,-0.48,0.27,0.14,0.33
172,2023-10-18 14:03:06,-0.8,0.42,-0.34,-0.88
173,2023-10-18 14:03:11,0.78,-0.42,-0.15,-0.1
174,2023-10-18 14:03:16,0.54,-0.0,0.88,-0.03
175,2023-10-18 14:03:21,-0.07,0.13,-0.11,0.72
176,2023-10-18 14:03:26,0.85,0.43,-0.53,0.75
177,2023-10-18 14:03:31,0.72,-0.02,-0.78,0.38
178,2023-10-18 14:03:36,0.92,0.78,-0.15,0.97
179,2023-10-18 14:03:41,-0.11,-0.05,0.52,-0.7
180,2023-10-18 14:03:46,0.93,-0.48,-0.85,0.04
181,2023-10-18 14:03:51,0.89,0.02,-0.4,0.22
182,2023-10-18 14:03:56,0.59,0.79,-0.94,-0.91
183,2023-10-18 14:04:01,-0.72,0.92,-0.68,-0.32
184,2023-10-18 14:04:06,0.69,-0.93,0.02,0.58
185,2023-10-18 14:04:11,-0.81,0.37,0.11,0.72
186,2023-10-18 14:04:16,-0.09,0.01,-0.66,0.49
187,2023-10-18 14:04:21,-0.49,0.26,-0.74,-0.03
188,2023-10-18 14:04:26,-0.07,-0.28,0.11,-0.06
189,2023-10-18 14:04:31,-0.49,0.52,0.74,0.48
190,2023-10-18 14:04:36,0.09,-0.26,-0.49,-0.19
191,2023-10-18 14:04:41,0.46,-0.05,0.14,0.78
192,2023-10-18 14:04:46,-0.15,-0.64,0.23,-0.96
193,2023-10-18 14:04:51,0.5,-0.39,0.67,-0.02
194,2023-10-18 14:04:56,0.96,-0.03,0.38,-0.94
195,2023-10-18 14:05:01,0.04,-0.1,-0.42,0.05
196,2023-10-18 14:05:06,0.52,0.3,0.51,0.52
197,2023-10-18 14:05:11,0.56,0.75,0.97,0.67
198,2023-10-18 14:05:16,-0.53,0.29,0.47,0.23
199,2023-10-18 14:05:21,0.41,0.15,-0.39,0.63
200,2023-10-18 14:05:26,0.52,0.16,0.23,-0.18
201,2023-10-18 14:05:31,0.15,0.8,0.93,0.36
202,2023-10-18 14:05:36,-0.41,-0.36,0.0,-0.03
203,2023-10-18 14:05:41,0.23,0.23,0.73,-0.43
204,2023-10-18 14:05:46,-0.41,0.63,0.75,-0.46
205,2023-10-18 14:05:51,0.56,0.39,-0.7,0.62
206,2023-10-18 14:05:56,-0.72,0.76,-0.71,0.73
207,2023-10-18 14:06:01,-0.23,0.86,-0.67,-0.57
208,2023-10-18 14:06:06,-0.95,0.53,-0.97,-0.66
209,2023-10-18 14:06:11,-0.41,-0.08,-0.97,0.09
210,2023-10-18 14:06:16,0.8,0.36,0.78,0.62
211,2023-10-18 14:06:21,0.16,-0.09,-0.81,-0.77
212,2023-10-18 14:06:26,-0.21,-0.52,-0.24,-0.32
213,2023-10-18 14:06:31,0.7,-0.02,-0.24,0.91
214,2023-10-18 14:06:36,-0.62,0.39,-0.75,0.14
215,2023-10-18 14:06:41,-0.27,-0.01,-0.66,0.17
216,2023-10-18 14:06:46,-0.22,0.61,-0.8,-0.69
217,2023-10-18 14:06:51,0.37,0.78,-0.99,-0.06
218,2023-10-18 14:06:56,0.48,0.22,0.84,0.06
219,2023-10-18 14:07:01,-0.45,0.17,-0.96,-0.48
220,2023-10-18 14:07:06,0.24,-0.89,-0.96,0.06
221,2023-10-18 14:07:11,0.95,-0.64,-0.34,-0.14
222,2023-10-18 14:07:16,-0.81,0.72,0.67,-0.41
223,2023-10-18 14:07:21,0.27,1.0,0.17,-0.12
224,2023-10-18 14:07:26,-0.82,-0.53,0.45,0.14
225,2023-10-18 14:07:31,0.81,-0.67,-0.02,0.49
226,2023-10-18 14:07:36,-0.19,0.09,0.27,-0.33
227,2023-10-18 14:07:41,0.41,0.59,0.73,-0.2
228,2023-10-18 14:07:46,0.67,0.75,0.23,-0.08
229,2023-10-18 14:07:51,-0.53,-0.07,-0.35,-0.85
230,2023-10-18 14:07:57,0.42,0.9,0.92,-0.97
231,2023-10-18 14:08:02,0.57,-0.7,-0.4,0.94
232,2023-10-18 14:08:07,0.25,0.83,-0.57,0.19
233,2023-10-18 14:08:12,0.54,-0.48,-0.11,-0.93
234,2023-10-18 14:08:17,-0.1,0.13,-0.06,-0.27
235,2023-10-18 14:08:22,-0.95,0.99,0.16,0.28
236,2023-10-18 14:08:27,-0.42,-0.51,-0.28,-0.44
237,2023-10-18 14:08:32,-0.52,0.15,0.75,0.65
238,2023-10-18 14:08:37,-0.16,-0.78,0.99,-0.84
239,2023-10-18 14:08:42,0.88,0.9,0.69,0.22
240,2023-10-18 14:08:47,0.4,0.71,0.09,-0.71
241,2023-10-18 14:08:52,0.56,0.92,0.56,-0.26
242,2023-10-18 14:08:57,-0.2,0.11,0.05,-0.44
243,2023-10-18 14:09:02,-0.79,0.89,-0.34,-0.83
244,2023-10-18 14:09:07,0.57,0.09,0.63,0.68
245,2023-10-18 14:09:12,-0.35,-0.61,0.08,0.39
246,2023-10-18 14:09:17,-0.02,0.58,0.95,0.38
247,2023-10-18 14:09:22,0.42,-0.27,0.72,-0.28
248,2023-10-18 14:09:27,-0.41,-0.2,-0.69,-0.33
249,2023-10-18 14:09:32,0.47,-0.98,-0.11,0.37
250,2023-10-18 14:09:37,0.48,0.28,0.41,0.51
251,2023-10-18 14:09:42,-0.8,-0.29,-0.24,0.16
252,2023-10-18 14:09:47,-0.53,-0.46,0.94,-0.44
253,2023-10-18 14:09:52,0.97,-0.8,-0.4,0.43
254,2023-10-18 14:09:57,-0.35,0.18,0.37,0.73
255,2023-10-18 14:10:02,-0.08,0.21,0.79,0.79
256,2023-10-18 14:10:07,0.76,-0.71,0.82,0.72
257,2023-10-18 14:10:12,0.82,0.81,-0.44,-0.52
258,2023-10-18 14:10:17,-0.63,-0.81,-0.06,-0.15
259,2023-10-18 14:10:22,0.19,-0.85,0.84,0.41
260,2023-10-18 14:10:27,0.98,-0.44,-0.38,-0.08
261,2023-10-18 14:10:32,0.64,0.81,-0.4,-0.82
262,2023-10-18 14:10:37,0.09,-0.69,-0.29,0.04
263,2023-10-18 14:10:42,0.79,-0.65,0.26,-0.63
264,2023-10-18 14:10:47,0.15,0.63,0.59,-0.28
265,2023-10-18 14:10:52,-0.92,0.17,0.36,0.73
266,2023-10-18 14:10:57,-0.9,0.08,-0.28,0.35
267,2023-10-18 14:11:02,-0.64,0.38,0.5,0.81
268,2023-10-18 14:11:07,-0.25,0.29,-0.17,0.21
269,2023-10-18 14:11:12,-0.98,-0.81,0.38,0.49
270,2023-10-18 14:11:17,-0.22,-0.09,-0.54,-0.18
271,2023-10-18 14:11:22,0.27,-0.51,-0.89,0.87
272,2023-10-18 14:11:27,0.77,-0.52,-0.74,0.28
273,2023-10-18 14:11:32,-0.23,0.25,0.17,0.85
274,2023-10-18 14:11:37,0.6,0.05,0.64,-0.85
275,2023-10-18 14:11:42,-0.07,-0.11,0.67,0.01
276,2023-10-18 14:11:47,0.31,0.95,-0.17,-0.08
277,2023-10-18 14:11:52,-0.97,0.32,0.29,-0.66
278,2023-10-18 14:11:57,0.85,-0.8,0.21,-0.06
279,2023-10-18 14:12:02,0.95,0.69,-0.77,0.69
280,2023-10-18 14:12:07,0.25,-0.18,-0.9,0.32
281,2023-10-18 14:12:12,0.82,0.17,-0.44,-0.83
282,2023-10-18 14:12:17,0.09,0.53,-0.91,-0.21
283,2023-10-18 14:12:22,-0.77,0.36,0.11,-0.87
284,2023-10-18 14:12:27,0.29,-0.39,-0.94,0.18
285,2023-10-18 14:12:32,0.17,-0.94,0.1,0.95
286,2023-10-18 14:12:37,-0.51,0.41,-0.41,-0.32
287,2023-10-18 14:12:42,-0.49,0.3,-0.01,0.36
288,2023-10-18 14:12:47,-0.44,0.52,0.11,-0.74
289,2023-10-18 14:12:52,0.5,0.11,0.59,-0.17
290,2023-10-18 14:12:57,0.24,-0.96,0.15,0.11
291,2023-10-18 14:13:02,0.53,-0.96,0.85,-0.92
292,2023-10-18 14:13:07,-0.15,0.56,0.42,-0.61
293,2023-10-18 14:13:12,0.79,0.99,-0.3,-0.74
294,2023-10-18 14:13:17,0.63,-0.35,0.45,0.89
295,2023-10-18 14:13:22,-0.64,0.84,0.57,-0.1
296,2023-10-18 14:13:27,0.86,0.24,0.33,-0.5
297,2023-10-18 14:13:32,0.51,0.14,-0.1,0.78
298,2023-10-18 14:13:37,-0.84,-0.33,0.8,-1.0
299,2023-10-18 14:13:42,0.97,-0.99,-0.53,0.19
300,2023-10-18 14:13:47,0.13,-0.91,0.02,-0.77
301,2023-10-18 14:13:52,-0.1,-0.33,-0.65,-0.52
302,2023-10-18 15:56:08,0.93,0.61,0.08,-0.38
303,2023-10-18 15:56:13,-0.7,0.25,-0.17,0.14
304,2023-10-18 15:56:18,0.96,0.04,-0.8,0.62
305,2023-10-18 15:56:23,0.48,0.7,-0.22,0.38
306,2023-10-18 15:56:28,-0.29,0.15,-0.85,0.13
307,2023-10-18 15:56:33,-0.08,0.42,-0.53,-0.13
308,2023-10-18 15:56:38,0.54,0.59,-0.14,0.27
309,2023-10-18 15:56:43,-0.06,-0.08,-0.58,-0.78
310,2023-10-18 15:56:48,0.08,-0.56,-0.41,0.01
311,2023-10-18 15:56:53,-0.11,0.59,0.05,0.98
312,2023-10-18 15:56:58,0.83,0.49,-0.12,-0.35
313,2023-10-18 15:57:03,-0.59,-0.56,0.02,0.09
314,2023-10-18 15:57:08,-0.56,0.97,-0.49,0.01
315,2023-10-18 15:57:13,-0.42,0.83,0.25,0.88
316,2023-10-18 15:57:18,-0.83,-0.33,-0.16,0.12
317,2023-10-18 15:57:23,0.95,0.14,0.15,0.63
318,2023-10-18 15:57:28,-0.72,-0.82,0.19,0.84
319,2023-10-18 15:57:33,-0.25,-0.78,0.83,-0.19
320,2023-10-18 15:57:38,0.39,0.64,0.25,-0.73
321,2023-10-18 15:57:43,0.77,-0.59,0.02,-0.44
322,2023-10-18 15:57:48,0.28,0.77,0.62,-0.49
323,2023-10-18 15:57:53,-0.37,-0.09,-0.8,-0.47
324,2023-10-18 15:57:58,0.96,0.7,0.13,-0.34
325,2023-10-18 15:58:03,0.38,-0.44,0.26,0.08
326,2023-10-18 15:58:08,-0.49,0.45,-0.78,-0.1
327,2023-10-18 15:58:13,0.46,0.48,-0.02,0.1
328,2023-10-18 15:58:18,0.53,-0.64,-1.0,0.13
329,2023-10-18 15:58:23,0.92,-0.14,-0.79,-0.12
330,2023-10-18 15:58:28,0.29,-0.61,0.11,0.73
331,2023-10-18 15:58:33,0.4,-0.73,0.17,-0.07
332,2023-10-18 15:58:38,-0.6,-0.53,0.31,0.2
333,2023-10-18 15:58:43,0.7,-0.51,-0.55,0.62
334,2023-10-18 15:58:48,0.53,0.92,-0.76,-0.76
335,2023-10-18 15:58:53,0.03,0.04,0.65,-0.19
336,2023-10-18 16:01:50,-0.77,0.68,-0.33,0.27
337,2023-10-18 16:01:55,0.8,-0.04,-0.32,0.59
338,2023-10-18 16:02:00,0.92,0.53,0.66,0.57
339,2023-10-18 16:02:05,-0.42,-0.34,0.85,-0.58
340,2023-10-18 16:02:10,-0.34,-0.24,-0.31,-0.93
341,2023-10-18 16:02:15,-0.71,-0.05,0.75,-0.68
342,2023-10-18 16:02:20,0.47,-0.44,-0.07,0.73
343,2023-10-18 16:02:48,0.92,0.48,-0.82,0.3
344,2023-10-18 16:02:53,0.33,-0.62,0.59,0.21
345,2023-10-18 16:02:58,-0.24,-0.7,-0.5,-0.62
346,2023-10-18 16:03:03,0.13,0.48,-0.85,0.78
347,2023-10-18 16:03:08,-0.75,0.8,0.56,-0.67
348,2023-10-18 16:03:13,-0.66,-0.46,0.88,0.69
349,2023-10-18 16:03:18,-0.67,-0.61,-0.98,0.24
350,2023-10-18 16:03:23,-0.11,-0.46,-0.96,0.52
351,2023-10-18 16:03:28,-0.08,-0.65,0.62,-0.31
352,2023-10-18 16:03:33,0.6,-0.52,-0.72,0.19
353,2023-10-18 16:03:38,-0.73,-0.06,-0.79,-0.88
354,2023-10-18 16:03:43,-0.61,0.08,-0.17,0.14
355,2023-10-18 16:03:48,0.32,0.4,-0.7,-0.06
356,2023-10-18 16:03:53,0.38,-0.77,-0.68,-0.15
357,2023-10-18 16:03:58,0.11,0.17,0.43,-0.27
358,2023-10-18 16:04:03,-0.32,0.38,0.17,0.32
359,2023-10-18 16:04:08,-0.55,-0.62,-0.12,-0.84
360,2023-10-18 16:04:13,0.08,0.53,0.71,0.89
361,2023-10-18 16:04:18,-0.38,-0.33,-0.48,0.54
362,2023-10-18 16:04:23,0.6,0.96,-0.66,0.78
363,2023-10-18 16:04:28,0.95,0.49,-0.26,-0.98
364,2023-10-18 16:04:33,0.99,-0.54,-0.77,0.56
365,2023-10-18 16:04:38,0.94,-0.18,0.12,-0.28
366,2023-10-18 16:04:43,0.47,0.66,0.62,0.91
367,2023-10-18 16:04:48,0.11,-0.66,0.66,-0.58
368,2023-10-18 16:04:53,-0.56,0.95,-0.02,0.18
369,2023-10-18 16:04:58,0.69,-0.43,-0.64,0.56
370,2023-10-18 16:05:03,-0.53,0.96,-0.56,-0.08
371,2023-10-18 16:05:08,-0.09,-0.4,0.73,-0.32
372,2023-10-18 16:05:13,-0.77,-0.6,-0.77,0.73
373,2023-10-18 16:05:18,0.22,-0.65,0.66,-0.58
374,2023-10-18 16:05:23,0.7,0.8,-0.75,0.97
375,2023-10-18 16:05:28,-0.28,0.16,-0.21,-0.31
376,2023-10-18 16:05:33,0.43,-0.16,0.8,-0.32
377,2023-10-18 16:05:38,-0.13,-0.47,-0.2,0.46
378,2023-10-18 16:05:43,0.42,0.14,-0.85,0.98
379,2023-10-18 16:05:48,-0.17,-0.12,0.81,-0.5
380,2023-10-18 16:05:53,0.06,-0.1,-0.47,-0.38
381,2023-10-18 16:05:58,-0.71,-0.42,0.05,0.27
382,2023-10-18 16:06:03,0.5,0.45,0.27,-0.4
383,2023-10-18 16:06:08,0.02,-0.81,-0.72,0.33
384,2023-10-18 16:06:13,0.59,0.47,-0.4,-0.63
385,2023-10-18 16:06:18,0.11,-0.71,0.66,-0.76
386,2023-10-18 16:12:37,-0.69,0.07,-0.89,-0.19
387,2023-10-18 16:12:42,-0.67,-0.41,0.95,-0.67
388,2023-10-18 16:12:47,0.19,-0.15,-0.6,-0.9
389,2023-10-18 16:12:52,0.67,0.48,-0.17,-0.11
390,2023-10-18 16:12:57,-0.24,0.52,-0.27,0.64
391,2023-10-18 16:13:02,0.75,0.08,-0.5,0.63
392,2023-10-18 16:13:07,0.12,-0.89,0.55,-0.95
393,2023-10-18 16:13:12,0.29,-0.47,-0.73,-0.22
394,2023-10-18 16:13:17,-0.95,0.34,0.16,-0.61
395,2023-10-18 16:13:22,-0.41,0.31,0.46,-0.03
396,2023-10-18 16:13:27,0.82,0.23,0.89,-0.05
397,2023-10-18 16:13:32,-0.47,-0.53,0.25,-0.48
398,2023-10-18 16:13:37,-0.53,-0.33,-0.25,-0.43
399,2023-10-18 16:13:42,-0.51,0.25,-0.44,0.73
400,2023-10-18 16:13:47,0.63,-0.57,0.14,0.19
401,2023-10-18 16:13:52,-0.69,0.04,-0.29,-0.91
402,2023-10-18 16:13:57,0.44,-0.81,-0.37,0.73
403,2023-10-18 16:14:02,-0.37,-0.21,-1.0,-0.35
404,2023-10-18 16:14:07,0.7,-0.85,-0.13,-0.94
405,2023-10-18 16:14:12,-0.16,-0.81,0.7,-0.48
406,2023-10-18 16:14:17,-0.5,-0.1,0.74,0.97
407,2023-10-18 16:14:22,-0.59,-0.33,-0.61,0.14
408,2023-10-18 16:14:27,0.1,0.51,-0.24,-0.91
409,2023-10-18 16:14:32,0.77,0.74,0.09,0.73
410,2023-10-18 16:14:37,-0.73,-0.83,0.74,0.77
411,2023-10-18 16:14:42,-0.62,0.59,-0.12,0.35
412,2023-10-18 16:14:47,-0.24,-0.72,0.09,0.75
413,2023-10-18 16:14:52,0.89,0.72,0.02,-0.16
414,2023-10-18 16:14:57,0.36,-0.45,0.72,-0.5
415,2023-10-18 16:15:02,0.93,0.34,-0.89,-0.23
416,2023-10-18 16:15:07,0.24,0.4,0.9,0.32
417,2023-10-18 16:15:12,0.8,-0.42,0.56,0.44
418,2023-10-18 16:15:17,0.3,-0.14,0.6,-0.81
419,2023-10-18 16:15:22,0.13,0.25,0.23,-0.61
420,2023-10-18 16:15:27,-0.77,-0.49,-0.05,0.88
421,2023-10-18 16:15:32,0.85,0.4,-0.33,-0.72
422,2023-10-18 16:15:37,0.75,-0.52,0.38,0.19
423,2023-10-18 16:47:53,0.48,0.87,-0.45,0.44
424,2023-10-18 16:47:58,0.86,-0.99,-0.63,0.26
425,2023-10-18 16:48:03,-0.89,-0.58,0.83,-0.02
426,2023-10-18 16:48:08,-0.87,0.44,-0.96,0.15
427,2023-10-18 16:48:13,-0.53,0.02,-0.61,0.67
428,2023-10-18 16:48:18,0.84,-0.72,0.69,-0.62
429,2023-10-18 16:48:23,0.18,0.47,-0.06,0.56
430,2023-10-18 16:48:28,-0.6,0.59,-0.96,0.64
431,2023-10-18 16:48:33,0.49,-0.64,-0.57,-0.32
432,2023-10-18 16:48:38,-0.62,-0.81,-0.13,0.73
433,2023-10-18 16:48:43,0.15,-0.91,0.41,0.33
434,2023-10-18 16:48:48,0.25,-0.16,0.73,0.45
435,2023-10-18 16:48:53,0.79,-0.21,0.28,-0.63
436,2023-10-18 16:48:58,-0.29,-0.84,0.78,-0.19
437,2023-10-18 16:49:04,0.08,0.98,-0.39,0.72
438,2023-10-18 16:49:09,0.17,-0.4,-0.93,-0.69
439,2023-10-18 16:49:14,0.71,-0.02,0.26,0.28
440,2023-10-18 16:49:19,0.97,0.36,-0.96,-0.03
441,2023-10-18 16:49:24,-0.77,-0.91,0.7,-0.51
442,2023-10-18 16:49:29,-0.42,0.89,0.82,-0.43
443,2023-10-18 16:49:34,-0.86,0.09,0.47,-0.5
444,2023-10-18 16:49:39,-0.25,0.05,-0.29,0.71
445,2023-10-18 16:49:44,0.05,-0.12,-0.47,0.71
446,2023-10-18 16:49:49,-0.27,0.2,-0.82,-0.26
447,2023-10-18 16:49:54,0.05,0.77,-0.27,-0.78
448,2023-10-18 16:49:59,-0.47,-0.23,-0.91,0.88
449,2023-10-18 16:50:04,-0.3,0.64,-0.34,0.69
450,2023-10-18 16:50:09,-0.98,0.82,0.83,-0.61
451,2023-10-18 16:50:14,0.8,0.15,0.53,0.68
452,2023-10-18 16:50:19,-0.63,0.64,-0.44,-0.45
453,2023-10-18 16:50:24,0.67,-0.64,-0.01,0.57
454,2023-10-18 16:50:29,0.39,0.37,-0.6,0.43
455,2023-10-18 16:50:34,-0.38,0.87,0.05,-0.35
456,2023-10-18 16:50:39,-0.66,-0.3,0.67,0.6
457,2023-10-18 16:50:44,0.01,-0.59,0.46,0.88
458,2023-10-18 16:50:49,-0.3,-0.57,-0.26,-0.57
459,2023-10-18 16:50:54,-0.47,-0.5,0.77,-0.74
460,2023-10-18 16:50:59,0.43,0.41,-0.64,-0.76
461,2023-10-18 16:51:04,0.93,-0.68,0.71,0.03
462,2023-10-18 16:51:09,-0.6,-0.23,-0.12,0.64
463,2023-10-18 16:51:14,0.58,-0.61,0.55,-0.18
464,2023-10-18 16:51:19,0.08,0.72,-0.01,-0.56
465,2023-10-18 16:51:24,-0.92,-0.66,0.65,-0.24
466,2023-10-18 16:51:29,-0.39,-0.6,-0.18,-0.57
467,2023-10-18 16:51:34,-0.89,0.64,-0.67,0.58
468,2023-10-18 16:51:39,0.15,0.67,-0.52,-0.66
469,2023-10-18 16:51:44,0.34,0.23,0.22,0.87
470,2023-10-18 16:51:49,0.84,0.6,-0.15,0.31
471,2023-10-18 16:51:54,-0.13,-0.59,0.27,0.46
472,2023-10-18 16:51:59,0.04,0.0,-0.72,-0.41
473,2023-10-18 16:52:04,-1.0,-0.45,-0.93,0.1
474,2023-10-18 16:52:09,-0.59,-0.1,0.72,-0.53
475,2023-10-18 16:52:14,0.92,0.97,0.99,-0.19
476,2023-10-18 16:52:19,0.72,0.44,-0.22,-0.02
477,2023-10-18 16:52:24,-0.67,-0.98,-0.75,-0.03
478,2023-10-18 16:52:29,-0.86,0.45,-0.12,-0.19
479,2023-10-18 16:52:34,0.88,-0.47,-0.26,0.73
480,2023-10-18 16:52:39,0.86,0.01,0.74,0.51
481,2023-10-18 16:52:44,0.3,0.59,-0.33,0.93
482,2023-10-18 16:52:49,0.81,0.25,-0.75,0.26
483,2023-10-18 16:52:54,0.5,-0.92,0.06,-0.82
484,2023-10-18 16:52:59,0.91,0.46,0.76,-0.04
485,2023-10-18 16:53:04,0.96,0.68,0.6,0.1
486,2023-10-18 16:53:09,0.8,-0.72,0.19,-0.76
487,2023-10-18 16:53:14,-0.02,0.35,0.08,-0.17
488,2023-10-18 16:53:19,0.37,-0.97,0.08,0.06
489,2023-10-18 16:53:24,-0.49,-0.38,-0.14,-0.4
490,2023-10-18 16:53:29,0.65,0.31,-0.97,-0.5
491,2023-10-18 16:53:34,0.07,-0.09,0.46,-0.19
492,2023-10-18 16:53:39,0.19,0.96,0.82,-0.31
493,2023-10-18 16:53:44,-0.21,-0.91,0.15,0.14
494,2023-10-18 16:53:49,0.76,0.84,0.05,0.03
495,2023-10-18 16:53:54,0.39,-0.41,-0.95,-0.29
496,2023-10-18 16:53:59,-0.06,-0.45,-0.76,-0.89
497,2023-10-18 16:54:04,0.77,-0.34,0.13,-0.67
498,2023-10-18 16:54:09,0.06,0.27,-0.98,0.25
499,2023-10-18 16:54:14,0.18,0.39,-0.68,-0.74
500,2023-10-18 16:54:19,0.24,-0.09,0.27,0.3
501,2023-10-18 16:54:24,0.77,-0.69,-0.06,0.16
502,2023-10-18 16:54:29,-0.09,0.05,-0.44,-0.52
503,2023-10-18 16:54:34,0.26,0.63,0.76,0.21
504,2023-10-18 16:54:39,-0.5,-0.69,-0.53,0.32
505,2023-10-18 16:54:44,0.99,-0.99,-0.69,-0.39
506,2023-10-18 16:54:49,0.27,0.73,0.84,-0.27
507,2023-10-18 16:54:54,-0.93,-0.69,-0.32,-0.46
508,2023-10-18 16:54:59,-0.9,-0.86,0.32,-0.68
509,2023-10-18 16:55:04,-0.39,-0.11,0.36,0.27
510,2023-10-18 16:55:09,-0.06,-0.63,0.34,-0.18
511,2023-10-18 16:55:14,-0.66,-0.24,0.46,-0.77
512,2023-10-18 16:55:19,0.91,0.81,-0.08,-0.07
513,2023-10-18 16:55:24,-0.23,-0.37,0.53,-0.53
514,2023-10-18 16:55:29,0.24,0.48,-0.27,-0.67
515,2023-10-18 16:55:34,0.39,-0.08,0.14,0.61
516,2023-10-18 16:55:39,-0.13,-0.77,-0.67,0.94
517,2023-10-18 16:55:44,-0.17,0.31,0.32,-0.61
518,2023-10-18 16:55:49,-0.22,0.12,0.91,-0.42
519,2023-10-18 16:55:54,0.16,-0.72,-0.79,-0.86
520,2023-10-18 16:55:59,-0.71,0.98,0.75,-0.95
521,2023-10-18 16:56:04,0.72,-0.89,-0.96,0.31
522,2023-10-18 16:56:09,0.36,-0.98,0.32,0.24
523,2023-10-18 16:56:14,-0.4,-0.32,-0.91,0.31
524,2023-10-18 16:56:19,-0.05,0.24,0.76,0.27
525,2023-10-18 16:56:24,0.13,0.19,-0.16,0.2
526,2023-10-18 16:56:29,0.2,0.41,0.22,-0.61
527,2023-10-18 16:56:34,-0.22,-0.63,0.13,0.59
528,2023-10-18 16:56:39,-0.35,0.88,0.49,0.63
529,2023-10-18 16:56:44,-0.99,-0.89,-0.29,0.14
530,2023-10-18 16:56:49,0.37,-0.0,-0.25,-0.99
531,2023-10-18 16:56:54,-0.77,0.99,0.93,-0.22
532,2023-10-18 16:56:59,0.28,-0.77,-0.23,0.87
533,2023-10-18 16:57:04,0.74,0.75,-0.74,-0.4
534,2023-10-18 16:57:09,-0.59,-0.69,-0.36,0.68
535,2023-10-18 16:57:14,-0.34,-0.46,-0.41,-0.47
536,2023-10-18 16:57:19,0.06,0.68,0.93,0.34
537,2023-10-18 16:57:24,0.47,-0.44,0.95,0.94
538,2023-10-18 16:57:29,0.22,0.91,-0.37,0.62
539,2023-10-18 16:57:34,-0.84,-0.03,-0.46,-0.51
540,2023-10-18 16:57:39,0.48,0.91,0.55,-0.45
541,2023-10-18 16:57:44,0.78,-0.22,0.81,0.92
542,2023-10-18 16:57:49,-0.21,-0.44,-0.54,-0.72
543,2023-10-18 16:57:54,-0.5,0.92,-0.48,-0.23
544,2023-10-18 16:57:59,0.61,-0.44,-0.67,-0.8
545,2023-10-18 16:58:04,0.74,0.62,-0.76,0.21
546,2023-10-18 16:58:09,0.59,0.36,0.05,-0.75
547,2023-10-18 16:58:14,-0.24,0.68,-0.86,0.96
548,2023-10-18 16:58:19,0.97,-0.82,-0.17,0.43
549,2023-10-18 16:58:24,0.57,-0.93,0.18,-0.69
550,2023-10-18 16:58:29,-0.87,-0.86,-0.2,0.73
551,2023-10-18 16:58:34,-0.97,0.11,0.58,0.47
552,2023-10-18 16:58:39,0.58,-0.98,0.11,-0.38
553,2023-10-18 16:58:44,0.49,-0.18,-0.89,-0.19
554,2023-10-18 16:58:49,-0.9,-0.99,0.66,-0.31
555,2023-10-18 16:58:54,-0.68,-0.03,-0.56,0.72
556,2023-10-18 16:58:59,0.76,0.79,0.13,0.74
557,2023-10-18 16:59:04,-0.38,0.15,-0.88,-0.71
558,2023-10-18 16:59:09,0.89,-0.78,0.18,-0.25
559,2023-10-18 16:59:14,0.41,0.21,-0.77,0.11
560,2023-10-18 16:59:19,0.21,-0.84,0.49,0.96
561,2023-10-18 16:59:24,0.19,-0.37,-0.23,0.22
562,2023-10-18 16:59:29,0.87,0.81,0.07,0.28
563,2023-10-18 16:59:34,-0.06,0.54,0.01,-0.44
564,2023-10-18 16:59:39,0.06,0.71,-0.7,0.08
565,2023-10-18 16:59:44,-0.29,-0.33,0.61,-0.61
566,2023-10-18 16:59:49,0.63,0.65,-0.32,0.13
567,2023-10-18 16:59:54,0.69,0.96,-0.1,-0.25
568,2023-10-18 16:59:59,-0.55,0.84,0.15,-0.68
569,2023-10-18 17:00:04,-0.69,-0.88,-0.82,0.5
570,2023-10-18 17:00:09,-0.0,-0.45,0.86,-0.21
571,2023-10-18 17:00:14,0.39,0.66,-0.31,0.68
572,2023-10-18 17:00:19,0.85,0.44,-0.26,-0.56
573,2023-10-18 17:00:24,0.8,0.06,-0.68,-0.88
574,2023-10-18 17:00:29,0.95,-0.87,-0.08,-0.14
575,2023-10-18 17:00:34,0.52,0.27,-0.41,0.49
576,2023-10-18 17:00:39,0.92,0.4,0.89,0.04
577,2023-10-18 17:00:44,-0.58,0.79,-0.86,0.76
578,2023-10-18 17:00:49,-0.74,0.29,-0.15,0.55
579,2023-10-18 17:00:54,0.12,0.51,0.49,0.05
580,2023-10-18 17:00:59,-0.61,-0.23,-0.39,0.33
581,2023-10-18 17:01:04,0.09,-0.66,0.4,0.54
582,2023-10-18 17:01:09,0.7,-0.38,-0.7,-0.58
583,2023-10-18 17:01:14,0.63,0.64,0.72,0.53
584,2023-10-18 17:01:19,-0.98,-0.62,0.44,-0.13
585,2023-10-18 17:01:24,0.98,-0.73,0.65,0.4
586,2023-10-18 17:01:29,0.63,-0.98,-0.44,-0.81
587,2023-10-18 17:01:34,-0.02,-0.44,0.56,-0.74
588,2023-10-18 17:01:39,0.86,0.35,0.29,0.39
589,2023-10-18 17:01:44,0.92,0.73,-0.65,0.87
590,2023-10-18 17:01:49,0.85,-0.95,-0.56,-0.15
591,2023-10-18 17:01:54,-0.98,-0.29,0.85,0.63
592,2023-10-18 17:01:59,-0.67,0.35,0.99,0.09
593,2023-10-18 17:02:04,0.39,-0.79,0.62,0.43
594,2023-10-18 17:02:09,0.1,-0.01,0.55,0.3
595,2023-10-18 17:02:14,-0.58,0.88,-0.67,0.31
596,2023-10-18 17:02:19,-0.98,0.06,0.46,-0.13
597,2023-10-18 17:02:24,0.33,-0.41,0.2,0.55
598,2023-10-18 17:02:29,-0.42,-0.99,-0.92,-0.66
599,2023-10-18 17:02:34,-0.74,-0.61,-0.61,0.38
600,2023-10-18 17:02:39,0.43,-0.54,-0.93,-0.01
601,2023-10-18 17:02:44,-0.26,-0.39,0.2,-0.8
602,2023-10-18 17:02:49,-0.93,-0.6,-0.34,-0.63
603,2023-10-18 17:02:54,0.5,0.37,0.88,-0.83
604,2023-10-18 17:02:59,-0.49,0.77,0.13,-0.69
605,2023-10-18 17:03:04,0.15,-0.39,-0.93,-0.52
606,2023-10-18 17:03:09,0.5,0.87,0.09,-0.09
607,2023-10-18 17:03:14,-0.57,-0.7,-0.92,-0.45
608,2023-10-18 17:03:19,-0.95,-0.84,0.86,-0.97
609,2023-10-18 17:03:24,0.86,0.71,0.55,-0.78
610,2023-10-18 17:03:29,-0.97,-0.77,0.9,1.0
611,2023-10-18 17:03:34,-0.05,-0.37,0.2,-0.28
612,2023-10-18 17:03:39,-0.63,-0.18,-0.63,0.12
613,2023-10-18 17:03:44,0.57,0.52,-0.1,-0.33
614,2023-10-18 17:03:49,-0.92,0.55,-0.19,-0.71
615,2023-10-18 17:03:54,-0.2,-0.56,0.74,1.0
616,2023-10-18 17:03:59,-0.44,-0.32,-0.79,-0.99
617,2023-10-18 17:04:04,-0.54,0.7,0.18,-0.98
618,2023-10-18 17:04:09,0.26,0.21,0.58,-0.21
619,2023-10-18 17:04:14,0.01,0.6,-0.97,0.36
620,2023-10-18 17:04:19,-0.21,-0.7,-0.44,-0.34
621,2023-10-18 17:04:24,-0.07,0.58,0.39,0.97
622,2023-10-18 17:04:29,-0.8,0.06,0.58,-0.18
623,2023-10-18 17:04:34,0.67,-0.13,-0.69,-0.05
624,2023-10-18 17:04:39,0.74,-0.89,-0.13,-0.74
625,2023-10-18 17:04:44,0.63,-0.8,0.22,0.35
626,2023-10-18 17:04:49,0.57,-0.18,-0.79,0.99
627,2023-10-18 17:04:54,0.03,0.63,0.97,0.47
628,2023-10-18 17:04:59,-0.32,-0.68,-0.53,-0.34
629,2023-10-18 17:05:04,0.83,0.59,0.57,0.57
630,2023-10-18 17:05:09,0.73,0.4,0.74,-0.77
631,2023-10-18 17:05:14,-0.93,-0.11,0.89,0.15
632,2023-10-18 17:05:19,0.83,-0.86,-0.95,0.23
633,2023-10-18 17:05:24,0.46,-0.56,-0.67,0.72
634,2023-10-18 17:05:29,0.03,-0.11,0.02,-0.68
635,2023-10-18 17:05:34,0.75,-0.35,-0.77,-0.17
636,2023-10-18 17:05:39,-0.21,0.37,-0.18,-0.85
637,2023-10-18 17:05:44,-0.67,-0.38,0.88,0.74
638,2023-10-18 17:05:49,0.01,-0.87,0.16,-0.68
639,2023-10-18 17:05:54,-0.19,0.65,-0.62,0.87
640,2023-10-18 17:05:59,-0.38,-0.55,0.82,0.1
641,2023-10-18 17:06:04,0.23,0.49,0.78,0.43
642,2023-10-18 17:06:09,0.97,0.25,-0.15,0.14
643,2023-10-18 17:06:14,-0.23,-0.94,0.0,0.9
644,2023-10-18 17:06:19,-0.78,0.0,-0.57,-0.63
645,2023-10-18 17:06:24,0.88,0.7,0.03,-0.02
646,2023-10-18 17:06:29,0.22,0.06,0.86,0.72
647,2023-10-18 17:06:34,0.78,0.64,0.31,-0.51
648,2023-10-18 17:06:40,0.1,-0.13,0.77,0.59
649,2023-10-18 17:06:45,0.88,0.61,0.24,-0.24
650,2023-10-18 17:06:50,0.39,-0.74,0.18,-0.91
651,2023-10-18 17:06:55,-0.79,-0.78,0.69,-0.2
652,2023-10-18 17:07:00,0.82,-0.19,0.12,-0.17
653,2023-10-18 17:07:05,0.1,0.4,0.16,0.98
654,2023-10-18 17:07:10,0.98,-0.93,-0.91,0.2
655,2023-10-18 17:07:15,0.44,-0.31,-0.59,-0.98
656,2023-10-18 17:07:20,-0.21,0.55,0.07,-0.16
657,2023-10-18 17:07:25,-0.41,0.77,-0.88,0.17
658,2023-10-18 17:07:30,-0.47,0.92,0.21,0.44
659,2023-10-18 17:07:35,0.78,-0.96,0.86,0.32
660,2023-10-18 17:07:40,-0.97,0.31,0.07,0.38
661,2023-10-18 17:07:45,-0.88,0.71,0.59,0.04
662,2023-10-18 17:07:50,0.55,0.31,0.7,-0.95
663,2023-10-18 17:07:55,0.44,-0.22,-0.34,-0.02
664,2023-10-18 17:08:00,0.84,-0.91,0.09,-0.24
665,2023-10-18 17:08:05,-0.59,-0.79,0.33,-0.77
666,2023-10-18 17:08:10,0.39,0.52,-0.56,-0.18
667,2023-10-18 17:08:15,-0.94,-0.22,0.24,0.96
668,2023-10-18 17:08:20,-0.87,0.08,-0.35,0.26
669,2023-10-18 17:08:25,-0.4,0.21,-0.04,-0.07
670,2023-10-18 17:08:30,0.62,0.55,0.49,0.47
671,2023-10-18 17:08:35,0.57,-0.2,-0.88,-0.65
672,2023-10-18 17:08:40,0.1,-0.27,-0.29,-0.36
673,2023-10-18 17:08:45,0.25,0.73,0.72,-0.52
674,2023-10-18 17:08:50,0.13,0.25,-0.9,-0.34
675,2023-10-18 17:08:55,0.96,0.12,0.15,-0.34
676,2023-10-18 17:09:00,-0.42,-0.63,0.35,-0.75
677,2023-10-18 17:09:05,0.59,-0.06,0.53,0.37
678,2023-10-18 17:09:10,-0.67,0.77,-0.84,-0.42
679,2023-10-18 17:09:15,-0.19,0.86,-0.46,0.56
680,2023-10-18 17:09:20,-0.57,-0.67,-0.99,0.02
681,2023-10-18 17:09:25,-0.96,0.62,-0.05,0.66
682,2023-10-18 17:09:30,0.95,0.85,0.42,-0.81
683,2023-10-18 17:09:35,-0.39,-0.41,-0.2,-0.25
684,2023-10-18 17:09:40,0.98,-0.13,0.75,0.96
685,2023-10-18 17:09:45,-0.83,-0.26,0.33,-0.17
686,2023-10-18 17:09:50,0.72,0.74,0.34,0.32
687,2023-10-18 17:09:55,0.57,0.13,-0.97,0.48
688,2023-10-18 17:10:00,0.47,0.26,-0.94,0.18
689,2023-10-18 17:10:05,0.36,0.72,-0.13,0.33
690,2023-10-18 17:10:10,0.28,0.01,0.23,0.3
691,2023-10-18 17:10:15,-0.22,0.65,-0.02,-0.47
692,2023-10-18 17:10:20,-0.38,0.15,-0.15,0.34
693,2023-10-18 17:10:25,-0.92,-0.79,-0.28,0.33
694,2023-10-18 17:10:30,-0.36,0.13,0.03,0.19
695,2023-10-18 17:10:35,-0.05,-0.48,-0.34,-0.1
696,2023-10-18 17:10:40,0.84,-0.87,-0.16,-0.33
697,2023-10-18 17:10:45,0.99,0.9,0.54,0.47
698,2023-10-18 17:10:50,0.04,0.16,0.8,-0.14
699,2023-10-18 17:10:55,-0.46,0.3,0.27,-0.6
700,2023-10-18 17:11:00,-0.41,0.04,-0.69,-0.27
701,2023-10-18 17:11:05,0.73,0.56,-0.5,0.88
702,2023-10-18 17:11:10,0.84,0.37,-0.05,0.8
703,2023-10-18 17:11:15,0.0,-0.55,0.8,0.37
704,2023-10-18 17:11:20,0.02,-0.95,0.92,0.4
705,2023-10-18 17:11:25,-0.53,0.27,-0.18,-0.62
706,2023-10-18 17:11:30,0.29,0.47,0.19,-0.54
707,2023-10-18 17:11:35,0.79,-0.68,0.72,0.54
708,2023-10-18 17:11:40,0.33,-0.39,-0.86,-0.71
709,2023-10-18 17:11:45,0.08,0.49,0.05,0.14
710,2023-10-18 17:11:50,0.1,-0.92,0.97,-0.72
711,2023-10-18 17:11:55,0.87,-0.79,0.54,-0.39
712,2023-10-18 17:12:00,0.93,0.22,-0.84,-0.75
713,2023-10-18 17:12:05,0.55,0.54,-0.88,-0.03
714,2023-10-18 17:12:10,-0.37,-0.38,-0.86,-0.84
715,2023-10-18 17:12:15,-0.24,-0.3,0.14,-0.01
716,2023-10-18 17:12:20,-0.56,-0.19,0.6,0.45
717,2023-10-18 17:12:25,0.45,-0.52,-0.74,-0.27
718,2023-10-18 17:12:30,0.76,0.14,0.83,0.21
719,2023-10-18 17:12:35,-0.53,-0.01,0.62,0.93
720,2023-10-18 17:12:40,0.3,0.05,-0.95,-0.94
721,2023-10-18 17:12:45,-0.99,0.4,0.03,-0.13
722,2023-10-18 17:12:50,0.94,-0.14,-0.29,0.1
723,2023-10-18 17:12:55,0.7,-0.85,0.1,-0.69
724,2023-10-18 17:13:00,0.62,0.7,0.8,0.64
725,2023-10-18 17:13:05,0.3,-0.5,-0.37,0.61
726,2023-10-18 17:13:10,0.73,-0.12,-0.76,0.31
727,2023-10-18 17:13:15,0.21,-0.55,-0.13,-0.45
728,2023-10-18 17:13:20,-0.79,0.95,0.61,-0.27
729,2023-10-18 17:13:25,0.68,0.9,-0.94,-0.9
730,2023-10-18 17:13:30,0.97,0.84,-0.21,0.94
731,2023-10-18 17:13:35,-0.41,-0.2,0.06,-0.6
732,2023-10-18 17:13:40,0.21,-0.29,0.59,-0.68
733,2023-10-18 17:13:45,-0.69,0.5,-0.63,-0.16
734,2023-10-18 17:13:50,-0.21,-0.51,0.84,-0.84
735,2023-10-18 17:13:55,-0.87,-0.78,-0.42,-0.52
736,2023-10-18 17:14:00,0.64,0.31,0.06,-0.11
737,2023-10-18 17:14:05,-0.17,-0.99,0.03,0.08
738,2023-10-18 17:14:10,-0.95,-0.37,-0.09,0.21
739,2023-10-18 17:14:15,-0.2,-0.99,-0.44,-0.76
740,2023-10-18 17:14:20,-0.38,0.73,0.01,0.76
741,2023-10-18 17:14:25,0.63,-0.99,-0.2,0.65
742,2023-10-18 17:14:30,0.58,-0.25,-0.36,0.3
743,2023-10-18 17:14:35,0.78,0.59,0.12,0.13
744,2023-10-18 17:14:40,-0.59,0.08,-0.57,-0.77
745,2023-10-18 17:14:45,-0.79,0.88,0.56,-0.78
746,2023-10-18 17:14:50,0.11,-0.56,0.0,0.7
747,2023-10-18 17:14:55,0.85,-0.08,-0.52,0.73
748,2023-10-18 17:15:00,0.29,0.56,-0.55,0.58
749,2023-10-18 17:15:05,0.59,0.24,-0.31,0.33
750,2023-10-18 17:15:10,-0.66,-0.27,-0.84,-0.01
751,2023-10-18 17:15:15,-0.13,0.83,0.73,-0.94
752,2023-10-18 17:15:20,0.94,-0.84,0.73,0.85
753,2023-10-18 17:15:25,0.21,-0.87,0.72,-0.11
754,2023-10-18 17:15:30,0.77,0.91,0.49,0.85
755,2023-10-18 17:15:35,0.11,-0.83,-0.94,-0.11
756,2023-10-18 17:15:40,-0.65,0.96,0.4,0.33
757,2023-10-18 17:15:45,-0.57,-0.33,0.67,0.8
758,2023-10-18 17:15:50,-0.56,-0.12,0.14,-0.87
759,2023-10-18 17:15:55,-0.4,-0.68,-0.86,-0.86
760,2023-10-18 17:16:00,-0.05,-0.06,-0.31,-0.36
761,2023-10-18 17:16:05,-0.34,0.83,0.21,-0.05
762,2023-10-18 17:16:10,-0.28,-0.32,0.99,0.63
763,2023-10-18 17:16:15,0.68,0.96,0.01,-0.49
764,2023-10-18 17:16:20,-0.89,0.45,-0.87,-0.16
765,2023-10-18 17:16:25,-1.0,0.63,0.09,-0.26
766,2023-10-18 17:16:30,-0.32,0.03,-0.23,-0.2
767,2023-10-18 17:16:35,-0.15,0.26,-0.11,0.65
768,2023-10-18 17:16:40,-0.95,-0.15,-0.72,-0.97
769,2023-10-18 17:16:45,-0.85,-0.36,0.93,-0.1
770,2023-10-18 17:16:50,0.13,0.81,0.6,0.56
771,2023-10-18 17:16:55,-0.73,-0.24,0.92,0.18
772,2023-10-18 17:17:00,0.07,-0.09,-0.28,-0.94
773,2023-10-18 17:17:05,0.41,-0.22,-0.66,-0.42
774,2023-10-18 17:17:10,-0.37,0.16,0.01,-0.47
775,2023-10-18 17:17:15,-0.68,-0.75,0.36,0.71
776,2023-10-18 17:17:20,0.51,0.52,-0.98,-0.74
777,2023-10-18 17:17:25,-0.59,-0.02,0.1,-0.27
778,2023-10-18 17:17:30,-0.78,-0.9,-0.64,-0.67
779,2023-10-18 17:17:35,-0.47,0.3,-0.36,-0.26
780,2023-10-18 17:17:40,-0.9,-0.18,-0.56,0.46
781,2023-10-18 17:17:45,0.88,-0.18,-0.17,0.67
782,2023-10-18 17:17:50,0.67,-0.15,0.04,0.09
783,2023-10-18 17:17:55,-0.49,-0.02,0.26,0.24
784,2023-10-18 17:18:00,0.68,0.96,-0.56,-0.68
785,2023-10-18 17:18:05,0.09,-0.83,0.76,0.71
786,2023-10-18 17:18:10,-0.21,0.91,-0.72,0.62
787,2023-10-18 17:18:15,0.03,-0.73,-0.11,-0.54
788,2023-10-18 17:18:20,0.21,0.21,0.19,0.13
789,2023-10-18 17:18:25,-0.08,-0.6,0.59,-0.36
790,2023-10-18 17:18:30,-0.95,-0.83,0.06,0.88
791,2023-10-18 17:18:35,-0.89,0.96,-0.81,-0.95
792,2023-10-18 17:18:40,0.96,-0.22,-0.14,0.32
793,2023-10-18 17:18:45,-0.97,-0.4,0.58,-0.54
794,2023-10-18 17:18:50,-0.36,0.34,-0.54,-1.0
795,2023-10-18 17:18:55,-0.97,0.37,0.74,0.81
796,2023-10-18 17:19:00,0.96,-0.8,-0.37,0.91
797,2023-10-18 17:19:05,0.45,0.17,-0.32,0.16
798,2023-10-18 17:19:10,-0.92,-0.99,-0.0,-0.77
799,2023-10-18 17:19:15,-0.1,0.04,0.29,-0.66
800,2023-10-18 17:19:20,0.48,-0.83,0.34,-0.1
801,2023-10-18 17:19:25,-0.11,0.23,-0.89,-0.67
802,2023-10-18 17:19:30,-0.68,-0.21,-0.37,-0.61
803,2023-10-18 17:19:35,-0.49,-0.91,0.7,-0.53
804,2023-10-18 17:19:40,-0.46,-0.66,-0.06,0.98
805,2023-10-18 17:19:45,0.89,-0.44,-0.79,-0.38
806,2023-10-18 17:19:50,-0.41,-0.72,0.35,-0.51
807,2023-10-18 17:19:55,0.75,-0.21,0.17,-0.15
808,2023-10-18 17:20:00,-0.51,0.83,-0.66,0.88
809,2023-10-18 17:20:05,0.34,0.28,0.19,0.58
810,2023-10-18 17:20:10,0.06,0.32,-0.18,0.47
811,2023-10-18 17:20:15,0.4,-0.41,0.63,0.53
812,2023-10-18 17:20:20,-0.38,0.39,0.07,-0.15
813,2023-10-18 17:20:25,0.19,0.48,-0.94,-0.86
814,2023-10-18 17:20:30,0.25,-0.6,0.72,-0.8
815,2023-10-18 17:20:35,-0.22,-0.93,0.32,0.49
816,2023-10-18 17:20:40,-0.18,-0.75,0.33,0.37
817,2023-10-18 17:20:45,0.43,0.97,0.41,0.6
818,2023-10-18 17:20:50,-0.79,0.9,0.44,-0.96
819,2023-10-18 17:20:55,0.69,0.78,0.47,0.64
820,2023-10-18 17:21:00,-0.92,-0.38,0.62,-0.8
821,2023-10-18 17:21:05,-0.46,0.88,-0.44,-0.6
822,2023-10-18 17:21:10,-0.32,0.28,0.03,-0.33
823,2023-10-18 17:21:15,0.99,-0.03,0.44,0.02
824,2023-10-18 17:21:20,0.07,0.63,0.2,0.8
825,2023-10-18 17:21:25,-0.45,0.95,0.3,0.24
826,2023-10-18 17:21:30,0.23,-0.53,0.94,-0.26
827,2023-10-18 17:21:35,-0.94,0.82,0.71,0.55
828,2023-10-18 17:21:40,0.02,-0.69,0.48,0.69
829,2023-10-18 17:21:45,-0.53,0.14,-0.66,-0.61
830,2023-10-18 17:21:50,0.2,-0.32,-0.93,-0.11
831,2023-10-18 17:21:55,0.14,0.9,-0.41,0.01
832,2023-10-18 17:22:00,0.15,0.15,-0.33,0.05
833,2023-10-18 17:22:05,0.11,0.35,-0.67,-0.27
834,2023-10-18 17:22:10,-0.49,0.68,0.11,0.16
835,2023-10-18 17:22:15,0.6,0.7,0.36,0.63
836,2023-10-18 17:22:20,0.24,0.36,-0.53,0.73
837,2023-10-18 17:22:25,-0.77,-0.23,-0.15,0.89
838,2023-10-18 17:22:30,-0.04,0.27,-0.61,0.59
839,2023-10-18 17:22:35,-0.36,0.47,0.66,0.97
840,2023-10-18 17:22:40,-0.85,-0.18,0.19,-0.35
841,2023-10-18 17:22:45,-0.46,0.51,0.05,-0.48
842,2023-10-18 17:22:50,0.51,-0.56,0.85,-0.41
843,2023-10-18 17:22:56,0.19,0.78,-0.67,0.89
844,2023-10-18 17:23:01,0.07,-0.08,0.74,0.36
845,2023-10-18 17:23:06,0.78,0.4,-0.68,-0.32
846,2023-10-18 17:23:11,0.51,0.65,-0.37,0.25
847,2023-10-18 17:23:16,-0.59,0.13,0.26,0.93
848,2023-10-18 17:23:21,0.3,-0.48,-0.75,-0.33
849,2023-10-18 17:23:26,0.5,-0.62,-0.58,0.75
850,2023-10-18 17:23:31,0.71,-0.75,-0.91,0.49
851,2023-10-18 17:23:36,-0.98,0.22,-0.95,-0.74
852,2023-10-18 17:23:41,-0.19,0.09,0.38,0.55
853,2023-10-18 17:23:46,0.55,-0.67,0.79,-0.66
854,2023-10-18 17:23:51,0.2,0.36,-0.08,-0.4
855,2023-10-18 17:23:56,0.83,-0.42,-0.61,0.61
856,2023-10-18 17:24:01,-0.43,-1.0,-0.76,-0.81
857,2023-10-18 17:24:06,-0.41,0.32,-0.89,0.15
858,2023-10-18 17:24:11,0.85,-0.91,0.18,-0.42
859,2023-10-18 17:24:16,0.42,-0.36,-0.87,-0.37
860,2023-10-18 17:24:21,-0.95,-0.02,0.27,-0.18
861,2023-10-18 17:24:26,0.43,-0.01,0.76,-0.61
862,2023-10-18 17:24:31,0.35,0.42,-0.52,0.52
863,2023-10-18 17:24:36,0.33,0.91,-0.85,0.63
864,2023-10-18 17:24:41,-0.6,-0.92,-0.71,0.19
865,2023-10-18 17:24:46,0.89,0.45,-0.65,0.98
866,2023-10-18 17:24:51,0.11,0.0,0.08,-0.48
867,2023-10-18 17:24:56,0.8,0.29,-0.57,-0.91
868,2023-10-18 17:25:01,0.06,0.07,0.03,0.27
869,2023-10-18 17:25:06,-0.46,-0.96,0.89,-0.41
870,2023-10-18 17:25:11,-0.34,0.29,0.54,0.15
871,2023-10-18 17:25:16,0.71,0.49,0.73,0.3
872,2023-10-18 17:25:21,0.13,0.67,0.27,-0.13
873,2023-10-18 17:25:26,0.22,0.76,0.07,-0.77
874,2023-10-18 17:25:31,-0.15,-0.28,-0.49,-0.96
875,2023-10-18 17:25:36,0.04,-0.16,0.74,0.43
876,2023-10-18 17:25:41,0.51,-0.82,0.55,-0.65
877,2023-10-18 17:25:46,-0.03,-0.56,0.99,0.69
878,2023-10-18 17:25:51,0.37,0.49,0.05,-0.63
879,2023-10-18 17:25:56,0.93,-0.42,0.09,0.32
880,2023-10-18 17:26:01,0.59,-0.29,-0.33,-0.72
881,2023-10-18 17:26:06,0.13,0.01,0.04,-0.29
882,2023-10-18 17:26:11,0.94,0.26,-0.21,0.27
883,2023-10-18 17:26:16,-0.97,-0.08,0.71,-0.56
884,2023-10-18 17:26:21,-0.14,-0.53,-0.41,-0.76
885,2023-10-18 17:26:26,0.99,-0.49,-0.41,-0.42
886,2023-10-18 17:26:31,0.58,0.86,-0.21,-0.49
887,2023-10-18 17:26:36,0.36,0.26,-0.06,0.3
888,2023-10-18 17:26:41,-0.94,-0.75,-0.36,0.18
889,2023-10-18 17:26:46,-0.75,-0.45,-0.62,0.19
890,2023-10-18 17:26:51,0.43,-0.03,-0.3,0.77
891,2023-10-18 17:26:56,-0.06,-0.44,-0.19,-0.29
892,2023-10-18 17:27:01,-0.33,-0.05,-0.86,0.65
893,2023-10-18 17:27:06,0.96,0.14,-0.26,-0.86
894,2023-10-18 17:27:11,-0.66,-0.08,0.27,-0.81
895,2023-10-18 17:27:16,0.04,0.52,0.92,-0.59
896,2023-10-18 17:27:21,0.33,0.56,-0.43,-0.92
897,2023-10-18 17:27:26,0.55,-0.73,-0.69,0.41
898,2023-10-18 17:27:31,-0.48,-0.75,-0.2,-0.77
899,2023-10-18 17:27:36,-0.12,-0.54,-0.8,-0.32
900,2023-10-18 17:27:41,-0.43,0.74,0.84,-0.34
901,2023-10-18 17:27:46,0.34,-0.23,-0.71,-0.25
902,2023-10-18 17:27:51,-0.32,-0.46,0.05,-0.99
903,2023-10-18 17:27:56,0.39,0.0,0.7,-0.48
904,2023-10-18 17:28:01,0.02,0.82,-0.14,-0.45
905,2023-10-18 17:28:06,0.75,0.16,-0.08,-0.32
906,2023-10-18 17:28:11,0.56,-0.24,-0.09,0.18
907,2023-10-18 17:28:16,0.05,0.39,0.16,-0.57
908,2023-10-18 17:28:21,-0.2,-0.42,-0.1,-0.78
909,2023-10-18 17:28:26,-0.94,-0.2,-0.88,-0.67
910,2023-10-18 17:28:31,0.66,-0.45,0.41,-0.99
911,2023-10-18 17:28:36,0.7,0.34,0.22,0.08
912,2023-10-18 19:55:58,0.26,0.1,-0.73,0.24
913,2023-10-18 19:56:03,-0.21,-0.29,-0.57,0.78
914,2023-10-18 19:56:08,0.62,-0.73,-0.32,0.01
915,2023-10-18 19:56:13,-0.33,0.83,-0.74,-0.27
916,2023-10-18 19:56:18,0.1,-0.97,0.79,-0.33
917,2023-10-18 19:56:23,-0.16,0.97,0.49,-0.81
918,2023-10-18 19:56:28,-0.66,0.1,-0.76,0.15
919,2023-10-18 19:56:33,-0.52,0.29,0.36,-0.37
920,2023-10-18 19:56:38,0.32,0.38,0.23,-0.66
921,2023-10-18 19:56:43,-0.12,-0.83,0.16,-0.13
922,2023-10-18 19:56:48,0.13,-0.38,0.63,-0.87
923,2023-10-18 19:56:53,-0.55,0.51,-0.98,0.65
924,2023-10-18 19:56:58,-0.42,-0.93,-0.85,0.84
925,2023-10-18 19:57:03,-0.19,-0.27,-0.09,-0.59
926,2023-10-18 19:57:08,0.02,-0.43,0.21,-0.25
927,2023-10-18 19:57:13,0.55,0.51,-0.06,0.95
928,2023-10-18 19:57:18,-0.25,0.88,0.53,-0.88
929,2023-10-18 19:57:23,0.73,-0.79,-0.41,-0.13
930,2023-10-18 19:57:28,0.76,-0.66,0.55,0.2
931,2023-10-18 19:57:33,-0.49,-0.5,-0.96,0.5
932,2023-10-18 19:57:38,-0.92,-0.71,0.81,0.77
933,2023-10-18 19:57:43,0.79,-0.68,-0.47,-0.75
934,2023-10-18 19:57:48,0.97,-0.56,0.09,0.05
935,2023-10-18 19:57:53,0.8,-0.13,0.5,0.49
936,2023-10-18 19:57:58,0.86,-0.3,-0.15,0.71
937,2023-10-18 19:58:03,0.85,0.83,0.97,-0.31
938,2023-10-18 19:58:08,-0.55,0.38,-0.95,0.83
939,2023-10-18 19:58:13,0.35,0.28,-0.18,-0.71
940,2023-10-18 19:58:18,0.68,0.58,0.63,0.52
941,2023-10-18 19:58:23,0.59,0.76,-0.89,0.05
942,2023-10-18 19:58:28,0.23,-0.49,-0.56,0.15
943,2023-10-18 19:58:33,0.95,-0.64,-0.92,-0.75
944,2023-10-18 19:58:38,0.19,0.79,0.05,0.83
945,2023-10-18 19:58:43,-0.35,0.47,0.74,-0.07
946,2023-10-18 19:58:48,0.22,0.52,0.47,0.02
947,2023-10-18 19:58:53,0.1,-0.01,-0.16,0.85
948,2023-10-18 19:58:58,-0.06,-0.86,-0.15,-0.82
949,2023-10-18 19:59:03,-0.03,-0.42,0.1,0.58
950,2023-10-18 19:59:08,-0.8,-0.54,0.12,0.91
951,2023-10-18 19:59:13,0.95,-0.61,-0.8,0.95
952,2023-10-18 19:59:18,0.1,0.14,0.79,0.28
953,2023-10-18 19:59:23,0.74,0.06,-0.48,0.73
954,2023-10-18 19:59:28,0.63,0.29,0.33,0.02
955,2023-10-18 19:59:33,-0.02,-0.54,-0.49,-0.29
956,2023-10-18 19:59:38,-0.36,0.75,-0.09,0.49
957,2023-10-18 19:59:43,0.29,0.92,0.67,-0.63
958,2023-10-18 19:59:48,-0.38,0.88,0.37,0.27
959,2023-10-18 19:59:53,0.14,0.83,-0.48,0.81
960,2023-10-18 19:59:58,0.79,-0.55,-0.26,0.93
961,2023-10-18 20:00:03,0.92,-0.2,0.35,0.06
962,2023-10-18 20:00:08,-0.93,0.19,0.73,0.17
963,2023-10-18 20:00:13,-0.18,-0.73,-0.63,0.13
964,2023-10-18 20:00:18,0.46,-0.84,-0.94,-0.85
965,2023-10-18 20:00:23,-0.3,0.8,0.3,0.23
966,2023-10-18 20:00:28,-0.34,0.73,-0.17,0.53
967,2023-10-18 20:00:33,0.9,0.43,-0.72,0.97
968,2023-10-18 20:00:38,-0.55,0.86,-0.17,0.4
969,2023-10-18 20:00:43,0.91,-0.02,-0.03,0.8
970,2023-10-18 20:00:48,0.59,0.38,0.57,-0.31
971,2023-10-18 20:00:53,0.55,0.18,-0.0,0.53
972,2023-10-18 20:00:58,-0.94,-0.58,-0.19,0.37
973,2023-10-18 20:01:03,-0.32,0.48,0.55,0.59
974,2023-10-18 20:01:08,-0.5,0.52,-0.78,-0.44
975,2023-10-18 20:01:13,-0.26,-0.9,0.79,-0.94
976,2023-10-18 20:01:18,-0.49,-0.41,0.2,-0.58
977,2023-10-18 20:01:23,-0.75,0.22,-0.6,0.86
978,2023-10-18 20:01:28,-0.46,0.04,-0.18,0.27
979,2023-10-18 20:01:33,-0.33,0.99,0.74,-0.13
980,2023-10-18 20:01:38,-0.61,-0.03,0.28,0.93
981,2023-10-18 20:01:43,-0.46,0.29,-0.47,-0.91
982,2023-10-18 20:01:48,-0.58,-0.51,0.37,0.77
983,2023-10-18 20:01:53,-0.76,0.82,-0.15,0.41
984,2023-10-18 20:01:58,-0.13,-0.17,0.23,-0.09
985,2023-10-18 20:02:03,-0.31,-0.11,0.04,-0.6
986,2023-10-18 20:02:08,0.25,0.48,-0.88,-0.4
987,2023-10-18 20:02:13,-0.72,0.87,0.01,-0.93
988,2023-10-18 20:02:18,0.93,0.48,0.43,0.33
989,2023-10-18 20:02:23,-0.35,0.84,0.92,-0.11
990,2023-10-18 20:02:28,0.7,-0.84,-0.2,-0.27
